name,age,street,city,state,zip,lng,lat,email
Cynthia Howard,57,8450 Reed Roads,Morrisonstad,Arkansas,16518,-124.788194,4.2032295,potterstephanie@hotmail.com
Kim Adams,76,82966 Mark Crossroad Apt. 744,Port Stevenmouth,Wyoming,72352,114.679448,36.8731415,obrienrobin@gmail.com
Kathleen Brock,57,060 Darren Mountains,Port Rachelland,Illinois,86612,-49.149921,49.963629,matthewhanson@yahoo.com
Carolyn Green,80,678 Mcdonald Cliffs Apt. 974,South Nathan,Indiana,88697,-38.857817,-25.127090,chernandez@gmail.com
Angela Flowers,73,188 Richard Mews,Francoberg,South Dakota,68107,20.336415,-58.496668,njohnson@gmail.com
Kimberly Robinson,65,8078 Smith Ferry Suite 895,Monroeburgh,Arkansas,11110,-155.017533,-64.3598445,zachary71@miller-tate.info
Alexandra Jenkins,68,2179 Ellis Fort Apt. 956,Morrisbury,Minnesota,94061,-78.079275,-50.502127,hughesmatthew@henderson.org
James Green,23,924 Allen Glens Apt. 023,South Paul,Michigan,47051,-179.527266,71.094659,yguerrero@smith.biz
Hannah Morrow,20,5264 Donovan Lodge,Taylorview,Wisconsin,70037,-116.464244,-31.7750205,nrodriguez@short-thompson.net
Kimberly Webb,78,1994 Cameron Summit Apt. 179,Port Nicole,Colorado,78543,-64.467907,70.8936315,thunter@gmail.com
Bradley Carr,28,780 Philip Island Suite 873,South Alejandro,New York,49572,-143.518423,-4.4223335,melanie76@powell.com
Janet Gonzalez,34,91278 Valdez Center,Bradleyport,Tennessee,22316,-165.931246,10.861204,badams@sparks-kennedy.info
Barbara Dixon,32,26560 Taylor Gardens Apt. 832,Hesterland,Kentucky,07902,120.809073,17.802172,imurray@cowan-burke.com
Francisco Morales,36,330 Hodge Wall Apt. 616,Willisport,Nevada,83048,81.544986,-83.780084,charles22@chase.org
Andrea Scott,21,4939 Garcia Inlet,Christinastad,Louisiana,39876,-18.608477,22.8360065,michaelchavez@gmail.com
Kristina Moon,53,009 Carpenter Islands Suite 966,Racheltown,Wisconsin,97088,98.427030,-64.487013,paul94@gordon.com
Troy Ortiz,56,42348 Knight Meadow,North Karinaside,Vermont,20389,38.136417,40.855740,toddstephen@yahoo.com
Angela Graham,49,5475 Thomas Port Apt. 106,Lake Todd,Utah,43693,147.869970,11.543580,veronica45@barker.com
Thomas Kennedy,19,53014 Kelsey Overpass Apt. 984,Dianeview,Utah,47679,94.399818,16.686765,kenneth22@yahoo.com
Barbara Bauer,78,000 Valerie Overpass Suite 700,Collinsville,Utah,71593,-35.173787,34.418497,shannonestrada@stark.org
Lisa Lamb,41,6974 Yoder Drives,Lorimouth,Louisiana,99488,3.162203,17.385636,susan06@smith-ward.info
Roger Rodgers,62,75038 Smith Glen,South Tracy,North Dakota,62924,155.692127,78.3534615,nelsontodd@gmail.com
Corey Hampton,75,339 Robinson Mission Apt. 554,Cooleystad,Ohio,06880,-179.598860,18.242505,oscarjohnson@gmail.com
Caitlyn Chambers,78,0148 Reed Neck Apt. 952,East Veronicaland,New Mexico,90831,-90.520638,63.167864,oscar29@hotmail.com
David Johnson,41,42355 Howell Cape,Mccallland,Pennsylvania,12747,-126.193548,-67.6252235,diana66@gmail.com
Dana Cohen,67,0010 John Mission,Chapmanborough,New Mexico,58636,81.535924,28.9466445,rmartin@maxwell.biz
Kristen Nguyen,50,18559 Calvin Rue Apt. 436,Gonzalezchester,Maryland,80239,147.115775,39.3615645,qhodges@carrillo.net
Todd Morgan,71,21321 John Square Suite 232,Lake Gary,Mississippi,10294,5.449282,-67.218053,perkinsmarcus@martinez.org
Justin Burke,29,581 Jimmy Forges,South Ericside,Oklahoma,91463,158.700567,-38.762488,preston98@yahoo.com
Brian Lewis,26,92922 Chad Roads Suite 230,Carrshire,Nevada,57912,-50.210441,50.2959275,mcdonaldjason@nguyen-thomas.info
Kenneth Rosario,66,9050 Aaron Shore,East Patriciahaven,Ohio,47543,-136.632229,-83.022375,michael59@rice.com
Helen Stevens,55,8475 Mason Rue Suite 967,South Triciaport,Illinois,97443,-167.452336,-86.5762715,mezajeffrey@ibarra.com
Donald Porter,59,040 Rodriguez Ramp,Lake Sarahfurt,Idaho,32801,-87.122709,79.4882665,robertparker@yahoo.com
Tommy Ritter,27,080 Moore Estates,Padillaview,Ohio,49257,-108.697069,33.094825,brandyroberts@hotmail.com
Matthew Savage,56,86164 Martin Path Apt. 976,Christopherville,Oregon,88702,56.390191,-57.5321365,iriley@yahoo.com
Micheal Rose,47,4339 Grimes Flats Apt. 213,Maryfurt,Mississippi,56727,46.613830,-7.268309,darrencurry@edwards.com
Kara Baker,50,296 Thompson Course Suite 117,South Rickymouth,Wyoming,01524,-79.461072,3.348658,elizabethsantiago@berry-smith.com
Jonathan Espinoza III,58,133 Michael Well,Johnsonbury,Utah,61424,-122.328634,39.8758755,rogermitchell@gmail.com
Gloria Kelley,63,292 Martha Hollow Suite 251,Lake Kimberlyport,Delaware,23198,74.151250,56.0442105,jeanetteburke@hotmail.com
Alicia Wilson,19,62168 Hickman Wells,Lake Shannon,West Virginia,24234,92.207189,-41.383742,yortega@gmail.com
Logan Lopez,68,01347 Krystal Pines,Josephhaven,California,63541,-176.744211,-9.954831,laurahughes@gmail.com
Kurt Solomon,69,9536 Moore Alley,Port Curtisstad,Ohio,50618,153.782887,5.9865175,irobinson@whitehead.org
Anthony Williams,24,5050 Ross Forks,Davidview,Utah,10724,-41.581890,0.6424515,lindareed@gmail.com
Dr. Jacqueline Lopez MD,40,5766 Andrea Loaf Suite 170,Lake Christine,Oklahoma,70016,22.295828,31.141804,jasongalloway@jackson-harper.com
Mary Crosby,22,9603 Byrd Roads Suite 341,East Aprilport,North Dakota,83488,-170.221260,-56.304515,brianna26@gmail.com
Ashley Strong,28,51918 Jessica Forge,Fisherhaven,Nevada,28462,-132.758294,-26.490831,dawncarter@krause.info
Derrick Porter,29,930 Williams Skyway Suite 199,Stoutchester,Colorado,05552,-152.750696,-2.8722275,spencerashley@yahoo.com
Eric Rivera,28,072 Mcdaniel Mews Apt. 683,Cranestad,Montana,22504,68.246376,-42.624439,vrice@black-evans.net
Cody Stewart,50,49775 Mary Ports,Lake Jenniferchester,New Mexico,41930,66.197848,-78.5852045,yorozco@oliver.info
Anna Hunter,66,961 Turner Stravenue Apt. 011,North Cynthia,Delaware,99859,-161.634270,-5.736303,diazkimberly@smith-foley.com
Michael Russo,77,51572 Nicole Mill,Nicholasbury,Alabama,95589,107.154936,-60.0643715,ramirezdaniel@barnes.com
Joseph Riley,23,2910 Avila Glens Suite 340,Andersonstad,Georgia,78683,77.828209,6.364502,brianna17@cruz-johnson.info
Sarah Curtis,77,341 Koch Lights Suite 850,Costamouth,New York,58143,-3.786026,-72.180202,chelseakramer@yahoo.com
Amber Martinez,45,45943 Robert Trail Suite 042,North Amy,North Carolina,37159,-11.760362,-69.663847,adamschristine@davenport.org
Alicia Taylor,75,27720 Amy Village,Heathmouth,Indiana,62473,-108.517823,-2.384058,griffithtimothy@ford.com
Michelle Ramsey,53,58764 Turner Forks,New Sabrina,West Virginia,74222,60.660246,50.690122,montgomeryterri@ward-carroll.com
Julie Dean,41,424 Wilson Cape Suite 060,East Alexander,New Jersey,45493,139.498227,-25.8585925,obradley@khan.com
Angela Parker,36,976 Evans Cape,South Kristashire,Maine,53301,-157.971141,-43.292903,howesandra@gmail.com
Joseph Smith,41,75630 White Gateway,Lake Jeffreymouth,Oregon,16560,14.138159,72.7471035,lesliemartinez@yahoo.com
Gwendolyn Henderson,52,800 Jonathan Ridges,Walkerstad,New Jersey,89637,-52.810821,71.215937,marilyn36@gmail.com
Steven Powell,30,02805 Carr Vista Apt. 611,Port Tyler,New Mexico,96895,-70.786346,-4.259526,zwatkins@hotmail.com
Shannon Jones,60,600 Perez Ford Apt. 114,Mccluremouth,Montana,71291,-123.572011,-50.901462,rnelson@perez.com
Alexis Harris,52,730 Gina Forges Apt. 927,East Joshuashire,California,48533,172.665276,1.493874,angela20@yahoo.com
Daniel Padilla,38,204 Davis Field,South Jacobstad,Massachusetts,68010,51.987292,50.048598,amybryan@davis.org
Sharon Watkins,70,8909 Christopher Island,Underwoodview,Tennessee,70718,-98.797600,34.336926,robertsonwayne@king-wells.com
Paul Kidd,48,682 Patricia Divide,Mariemouth,North Carolina,86283,-66.489570,42.805295,gilmorevictor@gmail.com
Tina Herrera,59,90298 Tyler Coves Apt. 173,East Cynthia,Missouri,02854,-104.356441,56.676009,martinemily@gmail.com
Louis Bartlett,72,2013 Sherry Turnpike,Port Justin,Michigan,96175,-114.477927,31.4218105,nhamilton@yahoo.com
Rhonda Kemp,32,556 Erik Plaza,Andreschester,West Virginia,39543,-150.587409,-15.206840,uross@gmail.com
Scott Brewer,76,306 Dean Greens,South Tony,North Carolina,68068,42.062648,48.0871185,rivastimothy@stanley-park.net
Tyler Alvarez,26,205 Brown Tunnel,Jeffreyshire,New Mexico,80277,-152.489367,-72.6398765,christopher21@bailey-hanson.com
Ronald Bailey,23,16611 Henry Lakes Apt. 797,West Edwardfurt,Utah,46669,-3.595842,70.443979,garrett79@yahoo.com
John Brown,71,59167 Hobbs Turnpike Suite 504,Mooretown,Washington,66994,-2.051215,19.6460995,chelseamiller@nicholson.org
Andrea Vasquez,45,857 Benjamin Brook Suite 843,Garnerburgh,Rhode Island,95151,-161.175001,-58.777290,kevindrake@yahoo.com
Heather Miller,54,8389 Martinez Center Apt. 489,Jonesstad,California,94657,49.775943,-30.2250545,vdunn@yahoo.com
Patricia Taylor,64,8096 Velasquez Inlet,South Alicia,Kentucky,15282,-153.192442,58.7741695,carolbarnes@gmail.com
Jack Powell,61,21135 Joshua Loop Apt. 835,West Melissa,Minnesota,15654,68.761494,-23.4285395,blairdouglas@gmail.com
Amber Crawford,24,85848 Carla Valley,Davidview,Virginia,47334,121.276111,39.1089805,stephen62@gardner.com
Jenny Lee,19,5965 Nicole Ramp,South Melissa,North Carolina,63697,172.585287,-80.1269695,teresa14@berg.com
Elizabeth Cruz,44,1345 Morris Plain Suite 211,Hicksburgh,Michigan,21908,35.655948,67.6896905,andrewcrawford@gmail.com
Jeffrey Thompson,43,94297 Hunt Coves,New Christopherville,Texas,22943,-34.356537,34.301189,jessica27@gmail.com
Jennifer Sloan,66,22214 Michael Groves Apt. 106,Heathtown,Wisconsin,59366,-144.418042,-70.585604,sheltonkimberly@ramsey-taylor.com
Pamela Williams,58,19102 Weber Ridge,Zacharyhaven,Hawaii,90723,33.483986,-36.101817,glenda34@yahoo.com
Daniel Mcdonald,38,3755 Samantha Roads Apt. 136,West Benjamin,Colorado,15084,-28.553219,71.865021,millertara@wagner.net
Paul Stafford,64,1933 Suarez Cape,East Daniel,Montana,55279,159.691238,-34.130781,melinda39@king-ramsey.com
Mr. Andrew Santiago,29,287 Mendoza Crossing Suite 430,East Christopher,Alaska,13644,-175.234093,22.6955825,lisaharvey@hotmail.com
William Grant,42,3756 Stein Cape Suite 520,Olsonchester,Alaska,32301,134.610155,47.031853,kyle82@patel.net
Derrick Jordan,47,6414 Wagner Parkways Suite 020,North Shannon,Nevada,70588,-148.040276,48.993784,ysimmons@gmail.com
Bianca Shepherd,23,7947 Greg Crossing,Kellyport,Virginia,56348,-120.572673,28.6064915,amy58@hotmail.com
Kimberly Price,55,73642 Mia River Apt. 843,South John,New York,60745,-14.316956,77.1023955,benjamin06@johnson-crawford.com
Austin Mendoza,61,8551 Maria Dam Apt. 250,North Natalie,Vermont,22443,-51.115643,3.781492,faustin@yahoo.com
Seth Curtis,47,47896 Nicole Cliff,Lake Kellychester,Oregon,42761,-169.097898,51.6752355,tsingh@gmail.com
Shawn Luna,22,28091 Warren Run Apt. 731,Ayalatown,Virginia,11027,67.249724,-62.166602,danielsvincent@roberts.biz
Sandy Berg,67,7582 Thomas Viaduct,Smithfort,Arizona,46697,62.335851,0.678923,bpeck@gmail.com
Sheri Weiss,60,39465 Francis Vista Suite 763,North Karlton,Tennessee,86075,-19.789392,-42.6950495,conwayanthony@ortiz.com
Ms. Christina Cummings,53,17652 Kathryn Vista Apt. 321,Lake Peterhaven,Indiana,85562,125.498254,-25.8022995,johnfoster@ramirez.net
Christopher Lewis,58,20948 Arthur Center Suite 573,Kimberlyville,Michigan,90456,-112.848590,-52.474516,swoods@hotmail.com
Dr. Natalie Chang,59,8167 Julie Spur Apt. 659,Robinland,Florida,46815,129.002228,-67.278002,pcoleman@gmail.com
Mr. Jack King DVM,45,8958 Jamie Parks,Port Sandramouth,Texas,94860,170.839820,48.783149,jennifer77@gmail.com
Tabitha Sanchez,19,43604 Herman Village Apt. 266,Lake Emily,Washington,67575,-21.379786,-83.0355995,josejohnson@gmail.com
